{
    "k": 0.7934878370932088,
    "theta": 1.1748051685560617,
    "lam": 3.9957946177153327,
    "mu": 5.366471278418168,
    "sig1": 0.02319771118187595,
    "sig2": 0.011444906057231318,
    "A": 0.16877834509072054,
    "norm": 111469.00385710025
}