{
    "k": 0.7801691897883768,
    "theta": 2.8674669657459124,
    "lam": 9.666294071418994,
    "norm": 66369.22158104072
}