{
    "00": [
        2.0816133067491736,
        4.825751687285943
    ],
    "10": [
        1.9214531871994946,
        4.477414603439373
    ],
    "01": [
        1.9214531871994946,
        4.477414603439373
    ],
    "11": [
        1.776475988266141,
        4.02826835020792
    ],
    "20": [
        1.57153240203011,
        4.61728619984723
    ],
    "02": [
        1.57153240203011,
        4.61728619984723
    ],
    "21": [
        1.403566071520553,
        4.201661836513065
    ],
    "12": [
        1.403566071520553,
        4.201661836513065
    ],
    "22": [
        1.0918639649619883,
        4.350743780715667
    ],
    "30": [
        1.5066515367074127,
        4.21880620556187
    ],
    "03": [
        1.5066515367074127,
        4.21880620556187
    ],
    "31": [
        1.397381284486837,
        3.7999889030488863
    ],
    "13": [
        1.397381284486837,
        3.7999889030488863
    ],
    "32": [
        1.0162731513522676,
        4.01084797946725
    ],
    "23": [
        1.0162731513522676,
        4.01084797946725
    ],
    "33": [
        0.9362110448347027,
        3.4453555260594277
    ],
    "40": [
        1.0261825482484777,
        3.843477355784
    ],
    "04": [
        1.0261825482484777,
        3.843477355784
    ],
    "41": [
        1.1049327805025209,
        3.1766601612763816
    ],
    "14": [
        1.1049327805025209,
        3.1766601612763816
    ],
    "42": [
        0.678356402782617,
        3.195190437332508
    ],
    "24": [
        0.678356402782617,
        3.195190437332508
    ],
    "43": [
        0.986828542624544,
        3.1099840475197875
    ],
    "34": [
        0.986828542624544,
        3.1099840475197875
    ],
    "44": [
        NaN,
        NaN
    ],
    "50": [
        1.6847930870289225,
        4.620296756618352
    ],
    "05": [
        1.6847930870289225,
        4.620296756618352
    ],
    "51": [
        1.6945967308097818,
        4.1728974491889765
    ],
    "15": [
        1.6945967308097818,
        4.1728974491889765
    ],
    "52": [
        1.2689359923503671,
        4.286721328798054
    ],
    "25": [
        1.2689359923503671,
        4.286721328798054
    ],
    "53": [
        1.2059861882994336,
        4.01237052225496
    ],
    "35": [
        1.2059861882994336,
        4.01237052225496
    ],
    "54": [
        0.8830992586844604,
        2.897037677825695
    ],
    "45": [
        0.8830992586844604,
        2.897037677825695
    ],
    "55": [
        0.9502131033418495,
        5.324698824050994
    ]
}