{
    "bin_centers": [
        [
            [
                0.19999999999999998,
                0.19999999999999998,
                0.19999999999999998,
                0.19999999999999998,
                0.19999999999999998
            ],
            [
                0.6,
                0.6,
                0.6,
                0.6,
                0.6
            ],
            [
                1.0,
                1.0,
                1.0,
                1.0,
                1.0
            ]
        ],
        [
            [
                5.275,
                5.324999999999999,
                5.375,
                5.425000000000001,
                5.475
            ],
            [
                5.275,
                5.324999999999999,
                5.375,
                5.425000000000001,
                5.475
            ],
            [
                5.275,
                5.324999999999999,
                5.375,
                5.425000000000001,
                5.475
            ]
        ]
    ],
    "counts": [
        [
            0.0,
            50.00000000000017,
            250.00000000000085,
            50.00000000000017,
            0.0
        ],
        [
            0.0,
            150.0000000000005,
            0.0,
            50.00000000000017,
            0.0
        ],
        [
            0.0,
            150.0000000000005,
            50.00000000000017,
            50.00000000000017,
            150.0000000000005
        ]
    ],
    "N": 19.0
}