{
    "BDT_eff": 0.8471001757469244,
    "95_per": 18.452357192160548,
    "90_per": 13.750458762622884,
    "selection_eff": 1.4102703888262804e-05
}