{
    "BDT_eff": 0.9160604364857303,
    "selection_eff": 4.48339690776116e-05
}