{
    "BDT_eff": 0.696969696969697,
    "95_per": 17.01001775145619,
    "90_per": 13.175068563264517,
    "selection_eff": 2.1890764244467636e-05
}