{
    "BDT_eff": 0.967948717948718,
    "selection_eff": 5.0938124491934305e-05
}