{
    "B_tt_95_per": 0.0001971148983812565,
    "B_tt_90_per": 0.00017169555866947128
}