{
    "BDT_eff": 0.6329479768786127,
    "95_per": 18.878183906154618,
    "90_per": 14.74551432834869,
    "selection_eff": 9.401802592175203e-06
}